{
  "moran_I": 0.41762587094289405,
  "expected_I": -0.002008032128514056,
  "p_value": 0.001,
  "z_score": 20.35276112822723,
  "n_cities": 499
}