{
  "moran_I": 0.24994496277565226,
  "expected_I": -0.002004008016032064,
  "p_value": 0.001,
  "z_score": 12.132327128078115,
  "n_cities": 500
}