variable,coefficient,std_error,p_value,significant
log_gdp_pc,0.26861258715871694,0.08668163723382628,0.0019427943655278303,True
internet_pct,0.021034822567353634,0.005263522896477948,6.432955825983745e-05,True
log_wiki,0.009525672646952088,0.0072820560521337655,0.19083868907086332,False
log_pop,0.06652972493626058,0.06232946645010651,0.28579666206672427,False
