variable,coefficient,std_error,p_value,significant
log_gdp_pc,0.4153617383264077,0.06778032832026805,8.895853000234625e-10,True
internet_pct,0.0019222929343306171,0.003939871822693338,0.6256153757290885,False
log_wiki,0.0048407657809380195,0.006525640163742026,0.4582042576310066,False
log_pop,-0.02877921788543647,0.05797438011368758,0.6196032748356576,False
